Model,Balanced_Accuracy,ROC_AUC,F1_Score
LR-ElasticNet,0.609,0.655,0.582
LR-Ridge,0.608,0.655,0.582
LR-LASSO,0.609,0.655,0.582
TabNet-Deep,0.602,0.631,0.564
ExtraTrees,0.597,0.66,0.559
RandomForest,0.578,0.654,0.533
XGBoost-Optimized,0.584,0.643,0.529
VotingEnsemble,0.573,0.644,0.525
CatBoost,0.571,0.635,0.522
LightGBM,0.564,0.619,0.514
StackingEnsemble,0.563,0.654,0.487
